modelpath,Category,Feature_1,Feature_2
/Skyphos/London E 140.obj,Skyphos,0.007000097135523195,0.028080117708136378
/Skyphos/Hermogenes_skyphos_Louvre.obj,Skyphos,0.004753510290999542,0.03346993505823379
/Skyphos/London F 90_3.obj,Skyphos,0.0034925766575023783,0.04187580661218846
/Modern-Mug/BlenderRepository_coffee-mug.obj,Modern-Mug,0.018156632370592837,0.028523960457520474
/Modern-Mug/BlenderRepository_glass-mug.obj,Modern-Mug,0.02047280418853061,0.03275008927638677
/Modern-Mug/Glassn1.obj,Modern-Mug,0.004548626430350032,0.02448738811772767
/Modern-Mug/m504.obj,Modern-Mug,0.009405468343626813,0.024299262892384193
/Modern-Mug/m508.obj,Modern-Mug,0.008445473754339619,0.025291877872304136
/Modern-Mug/m505.obj,Modern-Mug,0.0024333263915948243,0.025182989864081642
/Modern-Mug/m507.obj,Modern-Mug,0.005619197054813493,0.026267561152809805
/Modern-Mug/Y6515_TEACUP.obj,Modern-Mug,0.0034274645499879994,0.02755587406565994
/Modern-Mug/m509.obj,Modern-Mug,0.0031611025174446937,0.025391262997283993
/Modern-Mug/Y9227_mug.obj,Modern-Mug,0.009112525634072562,0.02429966888657226
/Modern-Mug/Y22_mug.obj,Modern-Mug,0.0061804672015302224,0.01872041475289714
/Abstract/qp119.obj,Abstract,0.0032002011004441276,0.014865909157921943
/Abstract/qp24.obj,Abstract,0.0071195271184056625,0.013633707240827164
/Abstract/Flower Vase.obj,Abstract,0.01606559910648915,0.013713896000221104
/Abstract/qp89.obj,Abstract,0.004151527930748561,0.01300294252522866
/Abstract/qp35.obj,Abstract,0.006761944924061536,0.0123980233522978
/Abstract/qp70.obj,Abstract,0.006645656027405172,0.017236636606507955
/Abstract/Abstractshape31.obj,Abstract,0.019501979678285267,0.023127700245494223
/Abstract/qp69.obj,Abstract,0.0054911141299890855,0.01752166712976764
/Abstract/qp49.obj,Abstract,0.005822219906566959,0.012610184928575623
/Abstract/qp125.obj,Abstract,0.0039006783957268197,0.014265322334646427
/Abstract/qp132.obj,Abstract,0.0042878426164400145,0.01365581500740071
/Abstract/qp41.obj,Abstract,0.006187143499857039,0.012977872311881057
/Abstract/vase12.obj,Abstract,0.025094951095566805,0.023210787789569576
/Abstract/Abstractshape48.obj,Abstract,0.020625161743878836,0.01586866614444692
/Abstract/qp42.obj,Abstract,0.005810682451293135,0.01189365780727835
/Abstract/Abstractshape32.obj,Abstract,0.01930302882742624,0.019171772569106203
/Abstract/Abstractshape20.obj,Abstract,0.020895295085584933,0.017013886449096235
/Abstract/Abstractshape19.obj,Abstract,0.020175816812490848,0.019502179198706206
/Abstract/qp133.obj,Abstract,0.003313256752778206,0.0135205658953113
/Abstract/qp67.obj,Abstract,0.006264118882329821,0.016188827126407995
/Abstract/qp85.obj,Abstract,0.0045276581522785235,0.011461700481572318
/Abstract/qp138.obj,Abstract,0.004952065581549694,0.015663983196205496
/Abstract/Abstractshape25.obj,Abstract,0.02019303870867421,0.022710121602220048
/Abstract/qp131.obj,Abstract,0.003992994399112253,0.014131274381467227
/Abstract/tutu_27.obj,Abstract,0.001313058498684437,0.026027467329848786
/Abstract/Y7187_POTTRY1.obj,Abstract,0.02408964964627807,0.020075331129856534
/Abstract/Abstractshape26.obj,Abstract,0.020127824603246365,0.017907831652886938
/Abstract/qp21.obj,Abstract,0.005220658457527052,0.013478458681392207
/Abstract/qp86.obj,Abstract,0.004111177265354087,0.011181643355655956
/Abstract/tutu_32.obj,Abstract,0.005187129687982672,0.025291483149254355
/Abstract/qp43.obj,Abstract,0.006774120591118207,0.014026337893443269
/Abstract/Y2527_POTTERY0.obj,Abstract,0.011591154201161694,0.017693895648434963
/Abstract/tutu_31.obj,Abstract,0.04341956924650735,0.021036972098065647
/Abstract/tutu_29.obj,Abstract,0.04169253188452843,0.021063736441901855
/Abstract/tutu_38.obj,Abstract,0.03546657204692041,0.011620982980187274
/Abstract/qp31.obj,Abstract,0.005649256030237679,0.012473765887458346
/Abstract/qp136.obj,Abstract,0.00472836523629113,0.015612691549796259
/Abstract/tutu_42.obj,Abstract,0.011111107905367634,0.01112338658306397
/Abstract/qp123.obj,Abstract,0.007854746960267807,0.014895435949448293
/Abstract/Abstractshape35.obj,Abstract,0.02015071128657193,0.018248799236285237
/Abstract/Abstractshape33.obj,Abstract,0.01963023687965944,0.01902388350862784
/Abstract/qp83.obj,Abstract,0.005398489231278066,0.013915803670808012
/Abstract/qp36.obj,Abstract,0.006447117264717273,0.013544557791298454
/Abstract/tutu_40.obj,Abstract,0.041424546525085114,0.02123038103992385
/Abstract/qpvase.obj,Abstract,0.0041300135081050685,0.013423889918273415
/Abstract/Abstractshape4.obj,Abstract,0.020776294223564553,0.016047031253680732
/Abstract/tutu_25.obj,Abstract,0.03732766607851467,0.01759374868036424
/Abstract/Y4249_urn2.obj,Abstract,0.0008164754730243731,0.015849825363711628
/Abstract/tutu_39.obj,Abstract,0.04441373585272825,0.015340157114118801
/Abstract/qp128.obj,Abstract,0.003219820943168911,0.014797424795254798
/Abstract/Abstractshape10.obj,Abstract,0.018978764398782325,0.029853772308011114
/Abstract/m535.obj,Abstract,0.0303318470276283,0.02679489829493354
/Abstract/Abstractshape21.obj,Abstract,0.019128950769278844,0.020209933420534277
/Abstract/Archive3D_Paso_dos-vase.obj,Abstract,0.005595790152725746,0.015869615650356474
/Abstract/Abstractshape18.obj,Abstract,0.019378716906914256,0.018471909476806204
/Abstract/qp112.obj,Abstract,0.003914807764314752,0.01537467699643687
/Abstract/Y7274_a3dhopi.obj,Abstract,0.02180891290724969,0.017428043798869843
/Abstract/qp77.obj,Abstract,0.004050491978767038,0.01404044213663488
/Abstract/tutu_41.obj,Abstract,0.043295625138286546,0.015547690052263542
/Abstract/qp54.obj,Abstract,0.005841659251343416,0.016399648682424234
/Abstract/Y7324_pottry1.obj,Abstract,0.02408964964627807,0.020075331129856534
/Abstract/qp74.obj,Abstract,0.005365070179433997,0.01333845967998907
/Abstract/qp87.obj,Abstract,0.005066034790001324,0.01245121740225162
/Abstract/Y7193_pottry1.obj,Abstract,0.02408964964627807,0.020075331129856534
/Abstract/Abstractshape2.obj,Abstract,0.02084892760761236,0.015651051442643064
/Abstract/Y2534_POTTERY7.obj,Abstract,0.011816757898086963,0.017372411403295547
/Abstract/Y7070_jar-3.obj,Abstract,0.0043445621750849124,0.013251438873843944
/Abstract/Abstractshape47.obj,Abstract,0.019802269451251398,0.017715526018153287
/Abstract/qp120.obj,Abstract,0.0035670106571049263,0.014461650073056057
/Abstract/qp61.obj,Abstract,0.0064416980492783375,0.017047267840282675
/Abstract/qp44.obj,Abstract,0.005999272016490796,0.012650929767791336
/Abstract/Abstractshape50.obj,Abstract,0.02023540973735599,0.016662686285571004
/Abstract/tutu_36.obj,Abstract,0.0006099690934689505,0.01513805821967221
/Abstract/tutu_26.obj,Abstract,0.030379501350773937,0.01577497566137842
/Abstract/qp51.obj,Abstract,0.005364976784817814,0.013190528967294115
/Abstract/qp30.obj,Abstract,0.005330236442459218,0.012213016845716863
/Abstract/qp50.obj,Abstract,0.006698857495804004,0.01415371801669089
/Abstract/Abstractshape23.obj,Abstract,0.019913043151439814,0.016744015754391706
/Abstract/tutu_33.obj,Abstract,0.030379501350773937,0.01577497566137842
/Abstract/Abstractshape49.obj,Abstract,0.0208344375514946,0.01647804070008054
/Abstract/Abstractshape42.obj,Abstract,0.019245960251488847,0.019088398150476065
/Abstract/qp79.obj,Abstract,0.004506094172119843,0.014174762757591134
/Abstract/qp45.obj,Abstract,0.005800763163150098,0.012508599264969264
/Abstract/Abstractshape5.obj,Abstract,0.020975267361183242,0.016079992241378755
/Abstract/qp116.obj,Abstract,0.004137561266363509,0.014925230549199657
/Abstract/qp64.obj,Abstract,0.005811251264945507,0.017935636302326814
/Abstract/qp113.obj,Abstract,0.00329006870893775,0.014865924734145391
/Abstract/qp38.obj,Abstract,0.006623094523401533,0.01374880735363165
/Abstract/qp130.obj,Abstract,0.0038257851613276972,0.014011119294590445
/Abstract/qp129.obj,Abstract,0.004715754046632654,0.014926215592985684
/Abstract/Abstractshape45.obj,Abstract,0.02000047394258737,0.01730374499644753
/Abstract/tutu_50.obj,Abstract,0.017829169977167752,0.012253573941601023
/Abstract/tutu_19.obj,Abstract,0.011111107905367634,0.01112338658306397
/Abstract/Abstractshape16.obj,Abstract,0.02138537324421775,0.017287839778790375
/Abstract/qp122.obj,Abstract,0.002505832507010664,0.014461991017538683
/Abstract/qp78.obj,Abstract,0.003662455299446278,0.01299512379060149
/Abstract/vase20.obj,Abstract,0.008496716193419775,0.016720853418305516
/Abstract/qp73.obj,Abstract,0.005435651461543694,0.015556820034151615
/Abstract/tutu_16.obj,Abstract,0.043295625138286546,0.015547690052263542
/Abstract/Abstractshape22.obj,Abstract,0.019973942379591127,0.019431537338854162
/Abstract/qp60.obj,Abstract,0.005234261987584074,0.015730032896180416
/Abstract/qp81.obj,Abstract,0.004447201390669704,0.012082778712060562
/Abstract/tutu_48.obj,Abstract,0.005067393548349373,0.01468029004875777
/Abstract/tutu_23.obj,Abstract,0.003909504869300868,0.02589317578389468
/Abstract/Abstractshape11.obj,Abstract,0.020023544534346103,0.024066123400930003
/Abstract/qp139.obj,Abstract,0.004221541600903446,0.013565845382268835
/Abstract/qp57.obj,Abstract,0.005726247411902382,0.015274039502452435
/Abstract/qp127.obj,Abstract,0.0045543339035567535,0.013803028983579154
/Abstract/qp63.obj,Abstract,0.005056711495836367,0.017430315876049093
/Abstract/Abstractshape17.obj,Abstract,0.003411560406912229,0.027419276062832666
/Abstract/qp111.obj,Abstract,0.004488030608164733,0.015096656475846466
/Abstract/Abstractshape13.obj,Abstract,0.019291240738153463,0.01903990885081668
/Abstract/Y1578_URN.obj,Abstract,0.008749158765244723,0.013015333514176653
/Abstract/tutu_35.obj,Abstract,0.02144919426885037,0.012929966108363633
/Abstract/tutu_13.obj,Abstract,0.005067393548349373,0.01468029004875777
/Abstract/Abstractshape3.obj,Abstract,0.02048001021279971,0.018621661666185233
/Abstract/Abstractshape40.obj,Abstract,0.020318089650042066,0.01654029890123189
/Abstract/tutu_15.obj,Abstract,0.0137868019771978,0.010923959731628395
/Abstract/qp52.obj,Abstract,0.005268106906519276,0.01599408748419618
/Abstract/qp48.obj,Abstract,0.006159259892002157,0.012867090901845304
/Abstract/tutu_24.obj,Abstract,0.03546657204692041,0.011620982980187274
/Abstract/Abstractshape30.obj,Abstract,0.019505050738733674,0.024469087460365843
/Abstract/tutu_34.obj,Abstract,0.03732766607851467,0.01759374868036424
/Abstract/qp84.obj,Abstract,0.0049426113498189095,0.011766714325999664
/Abstract/qpvase2.obj,Abstract,0.005219803375089289,0.012325771044818268
/Abstract/Abstractshape6.obj,Abstract,0.019598260681130287,0.020536887210714054
/Abstract/qp29.obj,Abstract,0.0069551814710778785,0.012917311975463447
/Abstract/tutu_44.obj,Abstract,0.0541226463799107,0.015925691215495776
/Abstract/Abstractshape1.obj,Abstract,0.020218798387908223,0.02358189142590692
/Abstract/tutu_17.obj,Abstract,0.0541226463799107,0.015925691215495776
/Abstract/Abstractshape34.obj,Abstract,0.02085183103047452,0.01629632581680639
/Abstract/BATUR V 120.obj,Abstract,0.010500549003550479,0.016144249656652895
/Abstract/tutu_28.obj,Abstract,0.04341956924650735,0.021036972098065647
/Abstract/Abstractshape9.obj,Abstract,0.019551844449216278,0.019662696465174295
/Abstract/Y7073_jar-6.obj,Abstract,0.006249080859466498,0.014491299796330655
/Abstract/tutu_10.obj,Abstract,0.05556867204135353,0.021800088795379514
/Abstract/Abstractshape28.obj,Abstract,0.020126966501239896,0.018003352591541445
/Abstract/qp66.obj,Abstract,0.004430748435421786,0.015580586191938665
/Abstract/qp26.obj,Abstract,0.006222318146879921,0.013969611097416736
/Abstract/qp90.obj,Abstract,0.004954639098663658,0.013186205378197242
/Abstract/Archive3D_Vaza N100608.obj,Abstract,0.006611610126373758,0.014685419399830629
/Abstract/qp39.obj,Abstract,0.005794286823775433,0.012817506876381024
/Abstract/qp88.obj,Abstract,0.005825069585912707,0.011986171379244922
/Abstract/qp46.obj,Abstract,0.0052646747341155275,0.012288035788733106
/Abstract/qp62.obj,Abstract,0.005680927641585213,0.01796628019753149
/Abstract/Abstractshape43.obj,Abstract,0.021380574831916934,0.016304648811689065
/Abstract/qp28.obj,Abstract,0.005238966810407318,0.01272909688982694
/Abstract/Y2535_POTTERY8.obj,Abstract,0.011532117407695368,0.019604403159378104
/Abstract/Abstractshape41.obj,Abstract,0.018964419912490996,0.022280740879195612
/Abstract/qp115.obj,Abstract,0.0031284851856276832,0.01364288494514703
/Abstract/Abstractshape27.obj,Abstract,0.0192950867480068,0.0204793334867675
/Abstract/qp124.obj,Abstract,0.004206868182890743,0.014524677371336236
/Abstract/qp80.obj,Abstract,0.004354986959477003,0.014224871812488155
/Abstract/qp118.obj,Abstract,0.0037244110973081506,0.015320140682025047
/Abstract/qp59.obj,Abstract,0.005444658479137997,0.015585758927964278
/Abstract/qp37.obj,Abstract,0.005268457135429595,0.012681384008393633
/Abstract/Abstractshape29.obj,Abstract,0.019224042867793226,0.023114096433458225
/Abstract/qp23.obj,Abstract,0.007286907942644205,0.01360724786260748
/Abstract/qp53.obj,Abstract,0.0060854407718763616,0.017547493007464027
/Abstract/qp22.obj,Abstract,0.007182791928250601,0.013442625754433491
/Abstract/Abstractshape24.obj,Abstract,0.019927696766669768,0.018421910026574742
/Abstract/qp40.obj,Abstract,0.005826805263272674,0.012893035859919305
/Abstract/Abstractshape7.obj,Abstract,0.019413970627853463,0.021329136443443298
/Abstract/Abstractshape39.obj,Abstract,0.01925061024345987,0.01810641751853864
/Abstract/tutu_30.obj,Abstract,0.04169253188452843,0.021063736441901855
/Abstract/qp135.obj,Abstract,0.003271302582764503,0.014359264920287863
/Abstract/qp137.obj,Abstract,0.00278294774653551,0.01470420695121581
/Abstract/qp56.obj,Abstract,0.005838279140784622,0.0165450118384197
/Abstract/tutu_22.obj,Abstract,0.02144919426885037,0.012929966108363633
/Abstract/Untitled(3).obj,Abstract,0.031710201968775484,0.015500310137249397
/Abstract/Abstractshape8.obj,Abstract,0.019897515254253553,0.01828617604529154
/Abstract/qp32.obj,Abstract,0.00627574192478237,0.013071330677742306
/Abstract/Abstractshape37.obj,Abstract,0.020019377433660897,0.01832179692970534
/Abstract/Abstractshape36.obj,Abstract,0.02052671060027929,0.016731862596004288
/Abstract/qp72.obj,Abstract,0.0054302537831910766,0.014939358998838487
/Abstract/qp68.obj,Abstract,0.005715287294202696,0.01646263085695043
/Abstract/qp134.obj,Abstract,0.00448045341365553,0.014583852251376697
/Abstract/Archive3D_vaso.obj,Abstract,0.013181911874883972,0.020640160470381728
/Abstract/tutu_21.obj,Abstract,0.041424546525085114,0.02123038103992385
/Abstract/qp55.obj,Abstract,0.0045524517077299214,0.017164414118117165
/Abstract/qp47.obj,Abstract,0.005351474619152022,0.013701228277032563
/Abstract/Abstractshape44.obj,Abstract,0.02024941698344104,0.018727105870143465
/Abstract/qp33.obj,Abstract,0.00645233133209086,0.013394272231582778
/Abstract/Abstractshape14.obj,Abstract,0.020956912600768453,0.01681671036122728
/Abstract/Abstractshape46.obj,Abstract,0.01983771604736058,0.01804496037169797
/Abstract/tutu_49.obj,Abstract,0.05556867204135353,0.021800088795379514
/Abstract/tutu_11.obj,Abstract,0.017829169977167752,0.012253573941601023
/Abstract/qp75.obj,Abstract,0.004502892339532569,0.013401798688709379
/Abstract/tutu_18.obj,Abstract,0.04441373585272825,0.015340157114118801
/Abstract/Cauldron Silver - SLF.obj,Abstract,0.012639259581323288,0.01527894057677164
/Abstract/qp126.obj,Abstract,0.003253040478232157,0.01475129062977239
/Abstract/qp65.obj,Abstract,0.00522643213839672,0.015337497918941647
/Abstract/qp34.obj,Abstract,0.006455932119067337,0.014532692383760214
/Abstract/qp27.obj,Abstract,0.006453313681159763,0.012423402173907964
/Abstract/Abstractshape15.obj,Abstract,0.02012107407060304,0.016669195073985305
/Abstract/qp114.obj,Abstract,0.003197044413507933,0.01452737226096699
/Abstract/London E 440.obj,Abstract,0.005734107614574466,0.02868488995629617
/Abstract/tutu_46.obj,Abstract,0.0137868019771978,0.010923959731628395
/Abstract/qp117.obj,Abstract,0.003256051038802112,0.014382129795998363
/Abstract/Abstractshape38.obj,Abstract,0.020507210216276564,0.01608620881436437
/Abstract/qp82.obj,Abstract,0.004788443950636076,0.01220103589194905
/Abstract/qp140.obj,Abstract,0.003610628269511969,0.01751322212464314
/Abstract/qp76.obj,Abstract,0.003284345829493785,0.015261059708487628
/Abstract/qp58.obj,Abstract,0.004690447770008107,0.015513547116900648
/Abstract/qp71.obj,Abstract,0.0037954341232896184,0.012908684855419227
/Abstract/Abstractshape12.obj,Abstract,0.020792166894779644,0.024399935562971927
/Abstract/qp25.obj,Abstract,0.005751044178153123,0.01281992408707018
/Abstract/vase11.obj,Abstract,0.017898805301975945,0.015774024160616545
/Abstract/qp121.obj,Abstract,0.003283761909799428,0.014523541662911296
/Native American - Bottle/Ark_HM_309_HI.obj,Native American - Bottle,0.013931569868142028,0.02719205314472108
/Native American - Bottle/Ark_HM_226_HI.obj,Native American - Bottle,0.011275210878672193,0.026991667797702127
/Native American - Bottle/Ark_HM_432_HI.obj,Native American - Bottle,0.01739887145073554,0.023424276599976108
/Native American - Bottle/Ark_HM_396_HI.obj,Native American - Bottle,0.01355985255692031,0.02721874429207755
/Native American - Bottle/Ark_HM_107_HI.obj,Native American - Bottle,0.01301293482419545,0.02725422094708618
/Native American - Bottle/Ark_HM_686_HI.obj,Native American - Bottle,0.013744387118440457,0.023040656776876105
/Native American - Bottle/Ark_HM_591_HI.obj,Native American - Bottle,0.01416615379449974,0.027080561888328657
/Native American - Bottle/Ark_HM_495_HI.obj,Native American - Bottle,0.014547810425519465,0.027724070947571004
/Native American - Bottle/Ark_HM_733_HI.obj,Native American - Bottle,0.01352996215108133,0.02687961458264182
/Native American - Bottle/Ark_HM_1281_HI.obj,Native American - Bottle,0.012426582531400223,0.027319726639228232
/Native American - Bottle/Ark_HM_130_HI.obj,Native American - Bottle,0.01135129905239897,0.027588706285858706
/Native American - Bottle/Ark_HM_614_HI.obj,Native American - Bottle,0.013582159782863614,0.02815231769733457
/Native American - Bottle/Ark_HM_722_HI.obj,Native American - Bottle,0.01400818590427235,0.027430648471753423
/Native American - Bottle/Ark_HM_745_HI.obj,Native American - Bottle,0.013669370178537806,0.026648171382116437
/Native American - Bottle/Ark_HM_474_HI.obj,Native American - Bottle,0.017340473738871594,0.022842535436636745
/Native American - Bottle/Ark_HM_1293_Hi.obj,Native American - Bottle,0.013562925640535685,0.030919678189723035
/Native American - Bottle/Ark_HM_730_Hi.obj,Native American - Bottle,0.012875646286478363,0.027744716749369513
/Native American - Bottle/Ark_HM_599_HI.obj,Native American - Bottle,0.013998760561282438,0.028968845626600313
/Native American - Bottle/Ark_HM_182_HI.obj,Native American - Bottle,0.013072771690552543,0.0289424719756504
/Native American - Bottle/Ark_HM_576_HI.obj,Native American - Bottle,0.013117166764084488,0.026258887377005168
/Native American - Bottle/Ark_HM_478_HI.obj,Native American - Bottle,0.014242908275407667,0.028765044522823417
/Native American - Bottle/Ark_HM_402_HI.obj,Native American - Bottle,0.014098995649999503,0.028805531988772292
/Native American - Bottle/Ark_HM_793_HI.obj,Native American - Bottle,0.013785857763301273,0.02420260195729982
/Native American - Bottle/Ark_HM_781_HI.obj,Native American - Bottle,0.014238832257561946,0.027001838917060966
/Native American - Bottle/Ark_HM_1265_HI.obj,Native American - Bottle,0.013731594917662309,0.02745489964266914
/Native American - Bottle/Ark_HM_727_Hi.obj,Native American - Bottle,0.013773514787270937,0.024525375989336153
/Native American - Bottle/Ark_HM_692_HI.obj,Native American - Bottle,0.01338988996857681,0.03203771442647514
/Native American - Bottle/Ark_HM_453_HI.obj,Native American - Bottle,0.016216857144960677,0.02617104195954909
/Native American - Bottle/Ark_HM_401_hi.obj,Native American - Bottle,0.013739360835372638,0.026362109217919157
/Native American - Bottle/LR_41638k_HI.obj,Native American - Bottle,0.00035119519260187515,0.02669725219373242
/Native American - Bottle/Ark_HM_799_HI.obj,Native American - Bottle,0.013635661443061666,0.027878378363857894
/Native American - Bottle/Ark_HM_581_HI.obj,Native American - Bottle,0.013915211576793091,0.03146649961148667
/Native American - Bottle/Ark_HM_442_HI.obj,Native American - Bottle,0.016255917605724233,0.029815856599996193
/Native American - Bottle/Ark_HM_360_HI.obj,Native American - Bottle,0.013261652493599826,0.02577907833303489
/Native American - Bottle/Ark_HM_1264_HI.obj,Native American - Bottle,0.01233833563039794,0.03209010781325515
/Native American - Bottle/Ark_HM_632_HI.obj,Native American - Bottle,0.013834543619531377,0.031080299179510436
/Oinochoe/ch653bms.obj,Oinochoe,0.011070639804164697,0.02797972846171785
/Oinochoe/Pot_de_terre.obj,Oinochoe,0.0003310329932684057,0.020860870931838773
/Oinochoe/London 1912-5-22-1.obj,Oinochoe,0.008259674214735497,0.025362334158211687
/Oinochoe/Oinoxoh.obj,Oinochoe,0.0018175977646588694,0.028487668237218246
/Oinochoe/London B 52.obj,Oinochoe,0.00786317076944764,0.024720764337874814
/Oinochoe/London B 471.obj,Oinochoe,0.009203032559727287,0.014342486258185343
/Oinochoe/TSI_ENST_FR_Cp_vase_1301_lr.obj,Oinochoe,0.013085599807504912,0.0293594237811844
/Oinochoe/Remade_Vessel_2.obj,Oinochoe,0.006163330426216726,0.025396924229441013
/Oinochoe/London B 39.obj,Oinochoe,0.007908474620595187,0.020215285218349623
/Oinochoe/London B 502.obj,Oinochoe,0.006974629374543241,0.013420495682354585
/Oinochoe/London B 492.obj,Oinochoe,0.008771976907190275,0.01414874043969072
/Oinochoe/London B 475.obj,Oinochoe,0.010212940661366613,0.024146024726722885
/Oinochoe/5DSOM_fakej.obj,Oinochoe,0.00593200137396084,0.02826833514326143
/Oinochoe/London E 228.obj,Oinochoe,0.006047195788488895,0.019976956436510207
/Oinochoe/amphora501Ncon.obj,Oinochoe,0.0037934752945919647,0.025127984912804175
/Oinochoe/Y9099_Vase.obj,Oinochoe,0.006066117742892099,0.030470003973683966
/Oinochoe/London E 227.obj,Oinochoe,0.0061191126010733485,0.02009348272033174
/Oinochoe/TSI_ENST_FR_Cp_vase_1288_lr.obj,Oinochoe,0.013345173821593092,0.029684610898980345
/Oinochoe/Olpe_sphinx_Louvre_Cp10475.obj,Oinochoe,0.0022938940221563214,0.022248156897838257
/Oinochoe/London B 507.obj,Oinochoe,0.0186941924104642,0.01493456778018199
/Oinochoe/Corinthian_jug_620_BC_Staatliche_Antikensammlungen.obj,Oinochoe,0.007080491175651017,0.013965133530068168
/Oinochoe/olpe.obj,Oinochoe,0.0005228967676317013,0.024085726904775194
/Oinochoe/old_jar.obj,Oinochoe,0.015886568398221432,0.02628224450711602
/Oinochoe/London A 342.obj,Oinochoe,0.007249851582963886,0.027997664272108872
/Oinochoe/London D 13.obj,Oinochoe,0.009599054439516716,0.014907137223867007
/Bowl/London B 675.obj,Bowl,0.023727789435468338,0.01618928992447674
/Bowl/3DMillenium_bowl03.obj,Bowl,0.006587988070893327,0.017860658971460882
/Bowl/CeramicTechnologies_kwlweb.obj,Bowl,0.0023746965692492544,0.025931221081032373
/Bowl/Y2533_POTTERY6.obj,Bowl,0.01905659318006975,0.019122993728771912
/Bowl/Y2532_POTTERY5.obj,Bowl,0.017955167121315722,0.020006126637929722
/Bowl/London D 7.obj,Bowl,0.026517000431390384,0.014984027723221138
/Bowl/3DMillenium_bowl01.obj,Bowl,0.008847656257627538,0.01761925230456611
/Bowl/m545.obj,Bowl,0.016914092787365477,0.027748865562752866
/Lekythos/London D 20.obj,Lekythos,0.006252167598200789,0.015241120863470353
/Lekythos/London D 60.obj,Lekythos,0.00523720118018093,0.015416720198117401
/Lekythos/London B 658.obj,Lekythos,0.00516954682484617,0.017753536267449743
/Lekythos/TSI_ENST_FR_Cp_vase_1305_lr.obj,Lekythos,0.013603711598758339,0.029252708233332068
/Lekythos/likithos.obj,Lekythos,0.0015959879305384628,0.020713338437244926
/Lekythos/TSI_ENST_FR_Cp_vase_1205_lr.obj,Lekythos,0.013535797680247857,0.031627779094293214
/Lekythos/likithosqp.obj,Lekythos,0.004725843704465155,0.020271752006387644
/Lekythos/London D 58.obj,Lekythos,0.003476013993532222,0.016472964212209958
/Lekythos/Visiting_grave.obj,Lekythos,0.004543497602473809,0.024519983381384877
/Lekythos/TSI_ENST_FR_Cp_vase_1305b_mr.obj,Lekythos,0.013366256128600552,0.029210140867314948
/Lekythos/TSI_ENST_FR_Cp_vase_1302b_lr.obj,Lekythos,0.01443657741885863,0.030557561261762595
/Lekythos/London D 48.obj,Lekythos,0.008677169521434354,0.020102494738257894
/Lekythos/London D 51.obj,Lekythos,0.008213404791220475,0.014542571312243433
/Lekythos/London D 71.obj,Lekythos,0.0015763093914728623,0.023001633790468004
/Lekythos/London D 61.obj,Lekythos,0.006113933577383412,0.018688503743021303
/Lekythos/London 1928-2-13-1.obj,Lekythos,0.004284817257221696,0.018960665869199783
/Native American - Bowl/Ark_HM_1300_HI.obj,Native American - Bowl,0.012926484117469822,0.027580913090595727
/Native American - Bowl/Ark_HM_775_HI.obj,Native American - Bowl,0.013458493587417823,0.02528422177338926
/Modern-Glass/Y8079_Glass5.obj,Modern-Glass,0.011985686077336147,0.015104196099027776
/Modern-Glass/Glassn8.obj,Modern-Glass,0.004723012813413727,0.015449281185229197
/Modern-Glass/Y8071_Bowl.obj,Modern-Glass,0.010197144034192801,0.01484433918209413
/Modern-Glass/Y8980_glass2.obj,Modern-Glass,0.01790569981369058,0.015028355535775953
/Modern-Glass/Y9226_martini.obj,Modern-Glass,0.01132166983000385,0.027454738482314223
/Modern-Glass/m500.obj,Modern-Glass,0.0657062930367545,0.02997486792717857
/Modern-Glass/Y4051_winegobl.obj,Modern-Glass,0.012773852826462127,0.014150834538298273
/Modern-Glass/Y7976_glass3.obj,Modern-Glass,0.014634037734072132,0.015601189375519055
/Modern-Glass/Y7978_glass6.obj,Modern-Glass,0.012305982363170358,0.015281588645697354
/Modern-Glass/Archive3D_Vase N290508.obj,Modern-Glass,0.07336583594923932,0.03187008000627369
/Modern-Glass/Y7979_goblet.obj,Modern-Glass,0.012518394890902073,0.014411415147954305
/Modern-Glass/Y8968_champagne.obj,Modern-Glass,0.004935408451099707,0.0190043216344927
/Modern-Glass/Y6745_WINEGOBL.obj,Modern-Glass,0.012773852826462127,0.014150834538298273
/Modern-Glass/BlenderRepository_12-oz-glass.obj,Modern-Glass,0.04120977671937842,0.019431522809290232
/Modern-Glass/Y8979_glass1.obj,Modern-Glass,0.05009374323862769,0.017888741543303915
/Modern-Glass/Y8985_goblet_g.obj,Modern-Glass,0.015306905252602107,0.014791318940845016
/Modern-Glass/Glassn6.obj,Modern-Glass,0.00815268954977454,0.015430804771507038
/Modern-Glass/Y1621_WINEGOBL.obj,Modern-Glass,0.012773852826462127,0.014150834538298273
/Modern-Glass/Y8982_glass4.obj,Modern-Glass,0.009974404818593808,0.016703370015887505
/Modern-Glass/Y8089_Wineglas.obj,Modern-Glass,0.011368492779528455,0.016241597725242394
/Modern-Glass/Y8080_Goblet2.obj,Modern-Glass,0.014334237660341009,0.016248479259875354
/Modern-Glass/Y3549_chaglass.obj,Modern-Glass,0.008811122179516899,0.01651607174645267
/Modern-Glass/Y7974_glass1.obj,Modern-Glass,0.07549934380415618,0.026675571007200416
/Modern-Glass/Y7975_glass2.obj,Modern-Glass,0.01967999559712419,0.016062272462143586
/Modern-Glass/Y2440_GOBLET.obj,Modern-Glass,0.017768861076474594,0.019824254783336426
/Modern-Glass/Y8984_goblet.obj,Modern-Glass,0.006194193831814779,0.014939026017419338
/Modern-Glass/BlenderRepository_shot-glass.obj,Modern-Glass,0.040590162325932426,0.021116597617916334
/Modern-Glass/Y3067_Glass.obj,Modern-Glass,0.01973700209346673,0.02844854673749606
/Modern-Glass/BlenderRepository_cocktail-glass.obj,Modern-Glass,0.03764229357695024,0.019107389628297892
/Modern-Glass/Y7977_glass4.obj,Modern-Glass,0.013439286067322405,0.01601677492306067
/Modern-Glass/Y7848_beaker.obj,Modern-Glass,0.025205449547090236,0.02086205516707897
/Modern-Glass/vase1.obj,Modern-Glass,0.012932700443483542,0.03287691440063987
/Modern-Glass/vase1s.obj,Modern-Glass,0.012932700443483542,0.03287691440063987
/Modern-Glass/m501.obj,Modern-Glass,0.015054456744320335,0.029534311128008067
/Modern-Glass/Y5100_CHAGLASS.obj,Modern-Glass,0.014858777091380735,0.016516121492150034
/Modern-Glass/Y2442_GRAIL.obj,Modern-Glass,0.018988489626568246,0.01874124033869284
/Modern-Glass/m502.obj,Modern-Glass,0.01837781374181845,0.02941900243373872
/Modern-Glass/Vase8.obj,Modern-Glass,0.01433228231476894,0.018555891182156094
/Modern-Glass/verre.obj,Modern-Glass,0.00796014672129117,0.016594544436166696
/Modern-Glass/Y8983_glass6.obj,Modern-Glass,0.011985686077336147,0.015104196099027776
/Modern-Glass/BlenderRepository_double-shot-glass.obj,Modern-Glass,0.0405385418881767,0.02021990017793667
/Modern-Glass/Glassn9.obj,Modern-Glass,0.003993287105406205,0.01460154170355978
/Modern-Glass/Y8981_glass3.obj,Modern-Glass,0.007748638641365265,0.01591510122329617
/Modern-Glass/Y2528_POTTERY1.obj,Modern-Glass,0.01573407722552344,0.01738682280609621
/Modern-Glass/Glassn7.obj,Modern-Glass,0.0053836140030881505,0.014891609324842606
/Modern-Glass/bowl01.obj,Modern-Glass,0.004086820930686743,0.013567669524442471
/Modern-Glass/BlenderRepository_highball-glass.obj,Modern-Glass,0.037224778551763475,0.04126199667411052
/Modern-Glass/Glassn2.obj,Modern-Glass,0.0026262905882037104,0.01387022184216905
/Kyathos/London B 693.obj,Kyathos,0.006500016700515821,0.015136871648038116
/Modern-Vase/Glassn11.obj,Modern-Vase,0.0068010148726328655,0.01422103672057154
/Modern-Vase/black vase.obj,Modern-Vase,0.007165872568861108,0.013981441166098911
/Modern-Vase/qp7.obj,Modern-Vase,0.006740486842114022,0.0145193042049366
/Modern-Vase/znbh_1.obj,Modern-Vase,0.009876595689848763,0.031645015158316275
/Modern-Vase/qp20.obj,Modern-Vase,0.006178886696856458,0.014394049433275637
/Modern-Vase/v2.obj,Modern-Vase,0.005437140951116354,0.014173620914235636
/Modern-Vase/Archive3D_Mug N160707.obj,Modern-Vase,0.011656416105205295,0.015441859085209191
/Modern-Vase/vase28_1.obj,Modern-Vase,0.010311229528281209,0.014200588734390632
/Modern-Vase/Vase 02_3.obj,Modern-Vase,0.0051858838836150055,0.021857507511986323
/Modern-Vase/qp6.obj,Modern-Vase,0.006088870760218606,0.014396981815516052
/Modern-Vase/bluevase.obj,Modern-Vase,0.01601646938530335,0.014216916638598847
/Modern-Vase/vase21.obj,Modern-Vase,0.007534932876083268,0.015576542922235407
/Modern-Vase/tutu_45.obj,Modern-Vase,0.0020786205789809532,0.023816113183208455
/Modern-Vase/Archive3D_Budvase_green.obj,Modern-Vase,0.005907680895283229,0.016680940861209637
/Modern-Vase/Y7054_alch-bottle.obj,Modern-Vase,0.014056007452291706,0.016981540366482185
/Modern-Vase/Various9.obj,Modern-Vase,0.01749614131585786,0.016275684410694446
/Modern-Vase/znbh_3.obj,Modern-Vase,0.007025072115754344,0.026807288451740085
/Modern-Vase/gardenvase_a.obj,Modern-Vase,0.010135409398428222,0.016059801836946105
/Modern-Vase/vase28_2.obj,Modern-Vase,0.009838471160902787,0.014744327941542281
/Modern-Vase/Various5.obj,Modern-Vase,0.02172239029720673,0.017451104555810896
/Modern-Vase/TSI_ENST_FR_Cp_vase_1283_mr.obj,Modern-Vase,0.01261145808402924,0.030810026087067822
/Modern-Vase/m541.obj,Modern-Vase,0.017041598917424346,0.025589561437372666
/Modern-Vase/qp10.obj,Modern-Vase,0.0061791615234636785,0.013555692984651507
/Modern-Vase/Vase 01_2.obj,Modern-Vase,0.0062540426799685515,0.01703657912667174
/Modern-Vase/ampho.obj,Modern-Vase,0.005740437496052,0.02332067507776395
/Modern-Vase/vase19.obj,Modern-Vase,0.010189379788698756,0.012435847040571872
/Modern-Vase/pot2.obj,Modern-Vase,0.00378650678835768,0.01416268694726107
/Modern-Vase/Glassn4.obj,Modern-Vase,0.00532000590202996,0.015524883159359916
/Modern-Vase/gardenvase_c.obj,Modern-Vase,0.009875253019435589,0.012749406343328905
/Modern-Vase/3DMillenium_vase02.obj,Modern-Vase,0.01175487008713341,0.01534757620207321
/Modern-Vase/znbh_6.obj,Modern-Vase,0.010848663033515638,0.014796160482015937
/Modern-Vase/Vase_Short2.obj,Modern-Vase,0.03325646407727823,0.01884913233650853
/Modern-Vase/TSI_ENST_FR_Cp_vase_1303_mr.obj,Modern-Vase,0.013468014960480484,0.027736104612101083
/Modern-Vase/wooden vase 2.obj,Modern-Vase,0.012506948822369208,0.014232807325649743
/Modern-Vase/3DMillenium_urn02.obj,Modern-Vase,0.005231429007118565,0.01376734117276603
/Modern-Vase/Vaso decorao 02_a.obj,Modern-Vase,0.013964806376364504,0.01771470935267648
/Modern-Vase/vase lunares verdes 2.obj,Modern-Vase,0.005162500108563135,0.021254905232763344
/Modern-Vase/qp5.obj,Modern-Vase,0.006413833507701384,0.01368000481341785
/Modern-Vase/tutu_37.obj,Modern-Vase,0.012540675492680247,0.014453736339246912
/Modern-Vase/Archive3D_Vase N190208.obj,Modern-Vase,0.0015935926107515192,0.01636792267131213
/Modern-Vase/Archive3D_Vase N160707.obj,Modern-Vase,0.012011699151995233,0.015899788377890668
/Modern-Vase/znbh_5.obj,Modern-Vase,0.010515378321696573,0.013185219276994491
/Modern-Vase/Y7069_jar-2.obj,Modern-Vase,0.005636689141146344,0.013127634040793121
/Modern-Vase/m543.obj,Modern-Vase,0.012691605495592376,0.025877221091718118
/Modern-Vase/vase25.obj,Modern-Vase,0.01601646938530335,0.014216916638598847
/Modern-Vase/vase lunares verdes 3.obj,Modern-Vase,0.005165269771585605,0.023667371073919734
/Modern-Vase/Various3.obj,Modern-Vase,0.017942846254549765,0.01829377460028673
/Modern-Vase/NickNacks_f.obj,Modern-Vase,0.010807114099224939,0.013290109533084344
/Modern-Vase/Archive3D_Vase-3W.obj,Modern-Vase,0.03316607932069809,0.02726120559637434
/Modern-Vase/m544.obj,Modern-Vase,0.007392507687444761,0.022180152525695426
/Modern-Vase/tutu_20.obj,Modern-Vase,0.012540675492680247,0.014453736339246912
/Modern-Vase/Pot_Chinois[2].obj,Modern-Vase,0.008822902289334468,0.017510283748775796
/Modern-Vase/Thin Vase.obj,Modern-Vase,0.0012159753533936121,0.036233725925203436
/Modern-Vase/qp2.obj,Modern-Vase,0.006245730415104109,0.014250405995065744
/Modern-Vase/m539.obj,Modern-Vase,0.005198587041288432,0.025813249509302492
/Modern-Vase/vase16_1.obj,Modern-Vase,0.001044259279905885,0.012598131741677702
/Modern-Vase/qp4.obj,Modern-Vase,0.006101854248212022,0.014047366261301906
/Modern-Vase/Vase_Thin.obj,Modern-Vase,0.028101158729997397,0.019844807489028875
/Modern-Vase/qp12.obj,Modern-Vase,0.007940935776051598,0.013820217500712962
/Modern-Vase/qp3.obj,Modern-Vase,0.006061961563515915,0.014119378961765053
/Modern-Vase/Vase 02_4.obj,Modern-Vase,0.008186604053580782,0.013708096673612391
/Modern-Vase/znbh_8.obj,Modern-Vase,0.010471032598363078,0.026145473866650164
/Modern-Vase/jar.obj,Modern-Vase,0.011657121540793455,0.029355512310741207
/Modern-Vase/qp11.obj,Modern-Vase,0.006611494685025335,0.01381574320786277
/Modern-Vase/Y7194_POTTRY2.obj,Modern-Vase,0.005441673575905043,0.018213196643779496
/Modern-Vase/m534.obj,Modern-Vase,0.03259025951364769,0.02911832750073782
/Modern-Vase/Vase30.obj,Modern-Vase,0.008075123032143052,0.012914066049481992
/Modern-Vase/Y6110_POTTRY2.obj,Modern-Vase,0.020430813474538578,0.018819207781645936
/Modern-Vase/m531.obj,Modern-Vase,0.005868085439098536,0.026256617169059002
/Modern-Vase/Archive3D_Vase2  N160608.obj,Modern-Vase,0.006185918299080543,0.01608006960467193
/Modern-Vase/Y7323_a3dpott.obj,Modern-Vase,0.014491427744406597,0.015314499818737217
/Modern-Vase/Y8182_Flask2.obj,Modern-Vase,0.017864992538218927,0.017143334906129012
/Modern-Vase/3DMillenium_budvase.obj,Modern-Vase,0.006231323617159948,0.01725909810075124
/Modern-Vase/Vase 01_1.obj,Modern-Vase,0.005660817865655948,0.015544764680911418
/Modern-Vase/Y3536_budvase.obj,Modern-Vase,0.0035402076201498127,0.015630432261659485
/Modern-Vase/vase5.obj,Modern-Vase,0.027647281308769648,0.01849808068333163
/Modern-Vase/coo 3.obj,Modern-Vase,0.011226951623426027,0.013153218631594273
/Modern-Vase/m536.obj,Modern-Vase,0.004230781266362261,0.014116745207325646
/Modern-Vase/vas5e6.obj,Modern-Vase,0.008491449963006633,0.015113207170900221
/Modern-Vase/Untitled(2).obj,Modern-Vase,0.01006695684071895,0.013057588269039064
/Modern-Vase/Vase -recolour (slate blue).obj,Modern-Vase,0.002652363515449082,0.012973120513985267
/Modern-Vase/Vase(2)_1.obj,Modern-Vase,0.006570443176344812,0.014066541643938484
/Modern-Vase/znbh_7.obj,Modern-Vase,0.011252297465596016,0.015587267324403112
/Modern-Vase/Y7072_jar-5.obj,Modern-Vase,0.007039235907431591,0.013169928282294937
/Modern-Vase/tutu_12.obj,Modern-Vase,0.011474534047279154,0.015067698970186028
/Modern-Vase/Archive3D_Vaza2 N100608.obj,Modern-Vase,0.0076752674932427534,0.01348734129570935
/Modern-Vase/Various8.obj,Modern-Vase,0.017525707446205723,0.01877545321807714
/Modern-Vase/Y4196_vase2.obj,Modern-Vase,0.017411552938308338,0.018645401886391518
/Modern-Vase/m546.obj,Modern-Vase,0.006151630066183117,0.02148135291901084
/Modern-Vase/Sans.obj,Modern-Vase,0.013243038478178365,0.03378421544931999
/Modern-Vase/vase16_2.obj,Modern-Vase,0.004639219609940376,0.013277665119541416
/Modern-Vase/Archive3D_Vase-big.obj,Modern-Vase,0.016099722959503758,0.014080484081155892
/Modern-Vase/Y5028_BUDVASE.obj,Modern-Vase,0.0008444137158419457,0.015155995757768572
/Modern-Vase/vase development.obj,Modern-Vase,0.02012527895254223,0.014289717674101882
/Modern-Vase/Vase_Short.obj,Modern-Vase,0.04459138279885941,0.02065793875969601
/Modern-Vase/Archive3D_Vase N121107.obj,Modern-Vase,0.00655014069210362,0.014640020787350206
/Modern-Vase/vase and water.obj,Modern-Vase,0.005710821938394877,0.030227132225196893
/Modern-Vase/NickNacks_e.obj,Modern-Vase,0.02213593293323387,0.014700418584187141
/Modern-Vase/qp14.obj,Modern-Vase,0.006836855718439592,0.014732207457083377
/Modern-Vase/Vaso decorao 02_b.obj,Modern-Vase,0.009995870438358517,0.01614570745816267
/Modern-Vase/vase4.obj,Modern-Vase,0.01297841454383391,0.018241265523582982
/Modern-Vase/vases3.obj,Modern-Vase,0.01777052856135124,0.030044191627105837
/Modern-Vase/Archive3D_Vase N200707.obj,Modern-Vase,0.0001491782193360424,0.013258705556209964
/Modern-Vase/tutu_47.obj,Modern-Vase,0.005613144608922026,0.016743305897315
/Modern-Vase/vase17.obj,Modern-Vase,0.030627625995374993,0.015893192837442796
/Modern-Vase/qp19.obj,Modern-Vase,0.007891778246011023,0.01374623973487338
/Modern-Vase/qp18.obj,Modern-Vase,0.006298541726571598,0.014821110380491564
/Modern-Vase/Sin2.obj,Modern-Vase,0.0071019602152524825,0.023434105984393237
/Modern-Vase/Vase 02_5.obj,Modern-Vase,0.0025688037223110718,0.01389408420802
/Modern-Vase/Vase 01_3.obj,Modern-Vase,0.007245464798664332,0.01259904984897738
/Modern-Vase/tutu_14.obj,Modern-Vase,0.03295410668522182,0.024590812971478988
/Modern-Vase/3DMillenium_vase03.obj,Modern-Vase,0.008991403420752825,0.014063066707246543
/Modern-Vase/vase28_3.obj,Modern-Vase,0.010522258116374526,0.01464059626610419
/Modern-Vase/qp13.obj,Modern-Vase,0.00729663116506001,0.013929957078354937
/Modern-Vase/Vase6.obj,Modern-Vase,0.04640701170061593,0.01971191927085084
/Modern-Vase/m532.obj,Modern-Vase,0.03181161700254811,0.015535593720604802
/Modern-Vase/3DMillenium_urn01.obj,Modern-Vase,0.005632613590920748,0.01305764050967866
/Modern-Vase/3DMillenium_vase01.obj,Modern-Vase,0.008539991707319188,0.015157515804110878
/Modern-Vase/tutu_43.obj,Modern-Vase,0.03295410668522182,0.024590812971478988
/Modern-Vase/5DSOM_clay_vases_2.obj,Modern-Vase,0.005746880418939251,0.028469731755010087
/Modern-Vase/qp9.obj,Modern-Vase,0.0064943824762670405,0.014776367470543303
/Modern-Vase/tutu_3.obj,Modern-Vase,0.03427531606953153,0.01839762959885871
/Modern-Vase/Archive3D_Vase N290108.obj,Modern-Vase,0.04076158458180933,0.01765868812971507
/Modern-Vase/qp15.obj,Modern-Vase,0.006305855518177818,0.01367111344438495
/Modern-Vase/jarre1.obj,Modern-Vase,0.0014309949198682132,0.01569420203798026
/Modern-Vase/vaas3.obj,Modern-Vase,0.021257141721796127,0.01751174665865037
/Modern-Vase/Pot_Chinois[1].obj,Modern-Vase,0.003134912363119577,0.017257975239249077
/Modern-Vase/San45s.obj,Modern-Vase,0.0005823593053277653,0.017194206033844094
/Modern-Vase/NickNacks_d.obj,Modern-Vase,0.0012812362488778986,0.015182516857587286
/Modern-Vase/vase13.obj,Modern-Vase,0.0021091263737703873,0.012617932491044476
/Modern-Vase/vase22.obj,Modern-Vase,0.0165495165711939,0.014926030499042491
/Modern-Vase/qp17.obj,Modern-Vase,0.007549720227276063,0.014809277153187257
/Modern-Vase/qp1.obj,Modern-Vase,0.008611150063620794,0.015383888629500736
/Modern-Vase/Vase 02_1.obj,Modern-Vase,0.006124192172941567,0.013346669594985445
/Modern-Vase/qp8.obj,Modern-Vase,0.009250930925415434,0.016971079145983035
/Modern-Vase/vase lunares verdes 1.obj,Modern-Vase,0.005137080771367177,0.022723233642047452
/Modern-Vase/vase china 07.obj,Modern-Vase,0.0042870360538451325,0.015351420932862314
/Modern-Vase/Archive3D_vase_anticue2.obj,Modern-Vase,0.0020389127226567594,0.014134956723915064
/Modern-Vase/qp16.obj,Modern-Vase,0.006344896985054466,0.014567324452130064
/Modern-Vase/znbh_4.obj,Modern-Vase,0.007135527853857227,0.02660447472927243
/Modern-Vase/Various2.obj,Modern-Vase,0.021645199852725883,0.017815483580778967
/Modern-Vase/London F 582.obj,Modern-Vase,0.01518154793027083,0.016132371307522316
/Modern-Vase/m527.obj,Modern-Vase,0.027690258100044732,0.029180266944594854
/Modern-Vase/tutu_9.obj,Modern-Vase,0.008766320541762858,0.01569614005140242
/Modern-Vase/simple_vase.obj,Modern-Vase,0.040566763579908606,0.018046545448253622
/Modern-Vase/Archive3D_Vase.obj,Modern-Vase,0.013299199237773998,0.016498931193798045
/Modern-Vase/Vase(2)_2.obj,Modern-Vase,0.006397312797806086,0.014307589575386775
/Modern-Vase/vase23.obj,Modern-Vase,0.012182601082421916,0.015678175349344625
/Modern-Vase/vase15.obj,Modern-Vase,0.008401830603070743,0.016065776450515486
/Modern-Vase/vase16_3.obj,Modern-Vase,0.003354528261800127,0.012832401243713373
/Modern-Vase/Vase.obj,Modern-Vase,0.04725043088406289,0.020560631729798672
/Modern-Vase/Various4.obj,Modern-Vase,0.01897008269889578,0.018682294960205355
/Modern-Vase/vase china 03.obj,Modern-Vase,0.02082894479598854,0.015325179280329719
/Pithos/pithos.obj,Pithos,0.005324592918142576,0.025964099595483885
/Pithos/Y5160_clay_vase.obj,Pithos,0.005214221053508078,0.019997007493276864
/Pithos/Egyptain pot.obj,Pithos,0.012517081472257567,0.01797615475524848
/Pithos/pots_3.obj,Pithos,0.0007035951729785643,0.012706830913703645
/Pithos/pots_1.obj,Pithos,0.0034998756526959086,0.013350443746448722
/Pithos/qpvase3.obj,Pithos,0.010719023479068071,0.01511907195087047
/Lebes/levitas.obj,Lebes,0.0028184901717709975,0.028678869337504503
/Lebes/London B 298.obj,Lebes,0.0057319056113900166,0.018217059868200252
/Modern-Bottle/BlenderRepository_red-wine-bottle-01.obj,Modern-Bottle,0.01979265368115079,0.01450682691832163
/Modern-Bottle/m537.obj,Modern-Bottle,0.0150772966389184,0.029658597922462903
/Modern-Bottle/Y8966_bottle2.obj,Modern-Bottle,0.02561271009216177,0.017446857063911102
/Modern-Bottle/Y297_BOTTLE2_.obj,Modern-Bottle,0.017825880990618374,0.01937418549658809
/Modern-Bottle/3DMillenium_bottle02.obj,Modern-Bottle,0.011408322187715291,0.015233542134005334
/Modern-Bottle/5DSOM_clay_vases_3.obj,Modern-Bottle,0.004473847088060036,0.032918898296887524
/Modern-Bottle/Archive3D_Bottle.obj,Modern-Bottle,0.01482382028830737,0.01806714733252052
/Modern-Bottle/Y8965_bottle1.obj,Modern-Bottle,0.02881767053883507,0.018808981842030673
/Modern-Bottle/m530.obj,Modern-Bottle,0.03913321580655801,0.032195674871859564
/Modern-Bottle/3DMillenium_bottle01.obj,Modern-Bottle,0.009245537017531691,0.016751411913922137
/Modern-Bottle/Y7849_bottle2.obj,Modern-Bottle,0.027600785144080615,0.01735294983589102
/Modern-Bottle/Y10391_Ketchup.obj,Modern-Bottle,0.02513320345156964,0.03221655326684244
/Modern-Bottle/Glassn13.obj,Modern-Bottle,0.004307664770306456,0.015181879672245057
/Modern-Bottle/pots_2.obj,Modern-Bottle,0.0007016728621679941,0.011173015575612578
/Modern-Bottle/Y6094_PLASTBTL.obj,Modern-Bottle,0.006193107317209875,0.01609408694452025
/Modern-Bottle/BlenderRepository_red-wine-bottle-02.obj,Modern-Bottle,0.020740596187903835,0.01625175694618069
/Modern-Bottle/Glassn12.obj,Modern-Bottle,0.004209728966638503,0.016480612769635795
/Modern-Bottle/3DMillenium_bottle04.obj,Modern-Bottle,0.009722671552950379,0.013241603281272395
/Nestoris/Nestoris_Louvre_K534.obj,Nestoris,0.005229135126389353,0.031240450800170447
/Pithoeidi/Y640_KUROS.obj,Pithoeidi,0.007819406269265012,0.017106788654577782
/Native American - Effigy/Ark_HM_586_HI.obj,Native American - Effigy,0.0144490144050817,0.03159009699082377
/Native American - Effigy/Ark_HM_661_HI.obj,Native American - Effigy,0.014158625850141243,0.03510157735819586
/Native American - Effigy/Ark_HM_728_HI.obj,Native American - Effigy,0.014250593248663162,0.03121873953214224
/Native American - Effigy/Ark_HM_10_Hi.obj,Native American - Effigy,0.013787669044308181,0.03535557084633914
/Native American - Effigy/Ark_HM_202_HI.obj,Native American - Effigy,0.014354840736852788,0.029266277936710057
/Psykter/Psykter47.obj,Psykter,0.020427461647807236,0.01734867265465513
/Psykter/Psykter8.obj,Psykter,0.010243964881518365,0.017239246403085495
/Psykter/Psykter19.obj,Psykter,0.021318813668154097,0.01909037299495791
/Psykter/Psykter32.obj,Psykter,0.02153041482180717,0.01766369708213164
/Psykter/Psykter25.obj,Psykter,0.009979856854264248,0.014550231055261735
/Psykter/Psykter28.obj,Psykter,0.009702542296297929,0.01623953568054872
/Psykter/Psykter31.obj,Psykter,0.020514724712835494,0.01621904013593255
/Psykter/Psykter30.obj,Psykter,0.020595005775472904,0.01688395594099525
/Psykter/Psykter22.obj,Psykter,0.00420611607359103,0.015074273211596904
/Psykter/Psykter49.obj,Psykter,0.02143109323239358,0.016873663107573166
/Psykter/Psykter17.obj,Psykter,0.021460132625810632,0.01737987211777582
/Psykter/Psykter34.obj,Psykter,0.021512460816975,0.01573586681902714
/Psykter/Psykter20.obj,Psykter,0.009983439213924859,0.016010228427846482
/Psykter/Psykter11.obj,Psykter,0.02245620049238919,0.017934275317334585
/Psykter/Psykter33.obj,Psykter,0.02127734522338407,0.017411299698618623
/Psykter/Psykter13.obj,Psykter,0.022270857115771266,0.017631434755103155
/Psykter/Psykter2.obj,Psykter,0.0216936928748742,0.01673986632021225
/Psykter/Psykter21.obj,Psykter,0.02157002494727868,0.017877403618993384
/Psykter/Psykter15.obj,Psykter,0.010403282764928605,0.016075218158114735
/Psykter/Psykter42.obj,Psykter,0.021305078042742235,0.018407011608880555
/Psykter/Psykter38.obj,Psykter,0.021263540103566864,0.016925982793394013
/Psykter/Psykter10.obj,Psykter,0.0208045426709333,0.016600341336740647
/Psykter/Psykter45.obj,Psykter,0.02148633429062988,0.015782991541477186
/Psykter/Psykter0.obj,Psykter,0.021917065178556447,0.01759813482129896
/Psykter/Psykter29.obj,Psykter,0.01008325479867867,0.015555777775827288
/Psykter/Psykter7.obj,Psykter,0.0028682533278758275,0.017005020880994707
/Psykter/Psykter4.obj,Psykter,0.0103343761485414,0.01645988211029457
/Psykter/Psykter44.obj,Psykter,0.021388169454073888,0.015808309858598296
/Psykter/Psykter12.obj,Psykter,0.021542168037681664,0.017869518807367788
/Psykter/Psykter35.obj,Psykter,0.021510645404177253,0.01836522977060026
/Psykter/Psykter43.obj,Psykter,0.02150013260314507,0.017428277863731998
/Psykter/Psykter39.obj,Psykter,0.020638461045578097,0.015316381014393423
/Psykter/Psykter5.obj,Psykter,0.02169993823545328,0.017310326179620927
/Psykter/Psykter24.obj,Psykter,0.01006732708371423,0.015889984103641237
/Psykter/Psykter46.obj,Psykter,0.021185949255448883,0.017220239058536365
/Psykter/Psykter27.obj,Psykter,0.010175299253617332,0.014920170655383575
/Psykter/Psykter23.obj,Psykter,0.0035237140689944107,0.0147831512658165
/Psykter/Psykter41.obj,Psykter,0.01034464023798734,0.016354605606563453
/Psykter/Psykter48.obj,Psykter,0.02053765771780033,0.01612176706147361
/Psykter/Psykter3.obj,Psykter,0.010285793504525007,0.014877001456448555
/Psykter/Psykter14.obj,Psykter,0.02131874171069798,0.01796932866945548
/Psykter/Psykter40.obj,Psykter,0.02127866073143261,0.016512168816169792
/Psykter/Psykter36.obj,Psykter,0.02138254850711397,0.018398919085419393
/Psykter/Psykter37.obj,Psykter,0.021791495214432837,0.016173247284418203
/Psykter/Psykter6.obj,Psykter,0.021473301006019775,0.016728234330412005
/Psykter/Psykter18.obj,Psykter,0.021706461773074885,0.01910940450760674
/Psykter/Psykter1.obj,Psykter,0.021946784766636578,0.017567768612631332
/Psykter/Psykter26.obj,Psykter,0.009739308924048442,0.015161245672821488
/Alabastron/Alabastron44.obj,Alabastron,0.009005053704990789,0.0169930486089829
/Alabastron/Alabastron40.obj,Alabastron,0.009426206149015626,0.017442475064718826
/Alabastron/Alabastron3.obj,Alabastron,0.009014652228060834,0.017031467840528124
/Alabastron/Alabastron32.obj,Alabastron,0.009562859530655034,0.017482548778317727
/Alabastron/Alabastron25.obj,Alabastron,0.009069502420781719,0.01712382747981658
/Alabastron/Alabastron27.obj,Alabastron,0.009227045236698794,0.01790311781327086
/Alabastron/Alabastron38.obj,Alabastron,0.009553415811665073,0.01687246237325564
/Alabastron/Alabastron20.obj,Alabastron,0.009455095168251956,0.01763983545461187
/Alabastron/Alabastron8.obj,Alabastron,0.00881563960670012,0.016853709652090522
/Alabastron/Alabastron43.obj,Alabastron,0.00951131157889338,0.01795665443437454
/Alabastron/m528.obj,Alabastron,0.005542214598873366,0.019430596203076567
/Alabastron/Alabastron4.obj,Alabastron,0.009111121673860707,0.016427811093516882
/Alabastron/Alabastron46.obj,Alabastron,0.009000912324957299,0.016985842044424274
/Alabastron/Alabastron15.obj,Alabastron,0.008837731099054676,0.017579933210635494
/Alabastron/Alabastron_Louvre_CA1920.obj,Alabastron,0.009848772148415905,0.03204100752521258
/Alabastron/Alabastron36.obj,Alabastron,0.0063166361576036684,0.017615621234687462
/Alabastron/Alabastron39.obj,Alabastron,0.0092689845904572,0.01757755644993125
/Alabastron/Alabastron48.obj,Alabastron,0.009452783026864564,0.01712265392292124
/Alabastron/tampa.obj,Alabastron,0.01037798580841498,0.0158046895311699
/Alabastron/London B 668.obj,Alabastron,0.007118624339379993,0.021145196134143413
/Alabastron/Alabastron6.obj,Alabastron,0.009395606661111097,0.01549565970145705
/Alabastron/Alabastron31.obj,Alabastron,0.009625858626502993,0.017752345517451733
/Alabastron/Alabastron17.obj,Alabastron,0.009366595408276602,0.018149971519693116
/Alabastron/Alabastron28.obj,Alabastron,0.008763878318868023,0.017416235252828642
/Alabastron/London B 674.obj,Alabastron,0.00877297483069175,0.014603775970610688
/Alabastron/Alabastron19.obj,Alabastron,0.0101129514609319,0.01699419236199474
/Alabastron/Alabastron23.obj,Alabastron,0.008850759592046094,0.01812486121500196
/Alabastron/Alabastron29.obj,Alabastron,0.009797465777309583,0.01726041379733235
/Alabastron/Alabastron10.obj,Alabastron,0.008527014544044401,0.015616791974748417
/Alabastron/Alabastron30.obj,Alabastron,0.009704888183141094,0.017709248873847484
/Alabastron/Alabastron5.obj,Alabastron,0.008933114103530456,0.015510710315830217
/Alabastron/Alabastron34.obj,Alabastron,0.00945424556489359,0.017406192706601147
/Alabastron/Alabastron16.obj,Alabastron,0.00991658618424126,0.01638157680908389
/Alabastron/Alabastron2.obj,Alabastron,0.008610822363042657,0.016616090777667535
/Alabastron/Alabastron42.obj,Alabastron,0.008978603413725795,0.017087146248330153
/Alabastron/Alabastron35.obj,Alabastron,0.00889395668624143,0.018014441213376493
/Alabastron/Alabastron26.obj,Alabastron,0.009305767616311477,0.017802756925188148
/Alabastron/Alabastron33.obj,Alabastron,0.009908028461882294,0.01713702264114951
/Alabastron/Alabastron41.obj,Alabastron,0.009074620563805392,0.017568540342376367
/Alabastron/Alabastron37.obj,Alabastron,0.006269187787996972,0.01622389636387217
/Alabastron/Alabastron21.obj,Alabastron,0.009050493937644009,0.01813733689060308
/Alabastron/Alabastron11.obj,Alabastron,0.00806565020421065,0.015854983458843706
/Alabastron/Alabastron22.obj,Alabastron,0.009111581389162779,0.01706505955112081
/Alabastron/Alabastron50.obj,Alabastron,0.007355899029168677,0.018105491043856517
/Alabastron/Alabastron1.obj,Alabastron,0.00898745624079857,0.01664929334026594
/Alabastron/Alabastron47.obj,Alabastron,0.009417185619173886,0.017555818019789966
/Alabastron/Alabastron14.obj,Alabastron,0.009014389666387143,0.016914186148298253
/Alabastron/Alabastron7.obj,Alabastron,0.008816168254334261,0.0161538944913673
/Alabastron/Alabastron12.obj,Alabastron,0.008743099275140649,0.015657180823642237
/Alabastron/Alabastron24.obj,Alabastron,0.008972687626081622,0.017105669576834463
/Alabastron/Alabastron45.obj,Alabastron,0.008937203709037852,0.016973034398533874
/Alabastron/Alabastron13.obj,Alabastron,0.009306154991905208,0.015583258225364542
/Alabastron/Alabastron18.obj,Alabastron,0.009578178230800437,0.017364096110295893
/Alabastron/Alabastron9.obj,Alabastron,0.008548996943954853,0.015250408000979794
/Alabastron/Alabastron49.obj,Alabastron,0.010007172993473784,0.017406498771189664
/Mastos/London B 376.obj,Mastos,0.005520642958809998,0.030116251577271484
/Kalathos/Kalathos33.obj,Kalathos,0.05133076177362881,0.032259506149310564
/Kalathos/Kalathos47.obj,Kalathos,0.019079130800058696,0.017126616389268167
/Kalathos/Kalathos40.obj,Kalathos,0.018399291238419768,0.01710890095083274
/Kalathos/Kalathos25.obj,Kalathos,0.019049655462023366,0.016438600800132656
/Kalathos/Kalathos35.obj,Kalathos,0.045431123593236686,0.030931571299139354
/Kalathos/Kalathos48.obj,Kalathos,0.019162246262689604,0.016871271743060474
/Kalathos/m547.obj,Kalathos,0.0015382304911887162,0.029410881721591568
/Kalathos/Kalathos30.obj,Kalathos,0.07414548644946448,0.03614496215146288
/Kalathos/Kalathos6.obj,Kalathos,0.019066447931384966,0.01640741772026423
/Kalathos/Kalathos42.obj,Kalathos,0.018722422359742336,0.017385545192549867
/Kalathos/Kalathos7.obj,Kalathos,0.0187269167435133,0.017176201717363403
/Kalathos/Kalathos44.obj,Kalathos,0.048164631461297396,0.030271287187593424
/Kalathos/Kalathos4.obj,Kalathos,0.018927432729856822,0.01621348260937563
/Kalathos/Kalathos39.obj,Kalathos,0.01853302336872977,0.01683226553003651
/Kalathos/Kalathos2.obj,Kalathos,0.018880759298973232,0.017087943926741313
/Kalathos/Kalathos15.obj,Kalathos,0.01851484645837657,0.017035763664764312
/Kalathos/Kalathos41.obj,Kalathos,0.04861492195451034,0.02961459460887774
/Kalathos/Kalathos45.obj,Kalathos,0.05967660348732889,0.033147276662405
/Kalathos/Kalathos5.obj,Kalathos,0.018460947211433446,0.017086339200169918
/Kalathos/Kalathos37.obj,Kalathos,0.03983084647880174,0.02920751652822089
/Kalathos/Kalathos32.obj,Kalathos,0.01861675654121436,0.017174728857528365
/Kalathos/Kalathos10.obj,Kalathos,0.01873542430085764,0.01761279815483
/Kalathos/Kalathos49.obj,Kalathos,0.019093084728797893,0.016902508235224295
/Kalathos/Kalathos27.obj,Kalathos,0.018868985172510035,0.016748720588870013
/Kalathos/Kalathos16.obj,Kalathos,0.018631776753160894,0.017250361750886005
/Kalathos/Kalathos11.obj,Kalathos,0.019380998387901846,0.01703147992131607
/Kalathos/Kalathos26.obj,Kalathos,0.018814386012484193,0.017557137789037586
/Kalathos/Kalathos18.obj,Kalathos,0.018934244534638888,0.017347202175887366
/Kalathos/Kalathos29.obj,Kalathos,0.01920118971045385,0.01688070179803259
/Kalathos/Y6990_bin.obj,Kalathos,0.004819168074919032,0.015533940928509954
/Kalathos/Kalathos21.obj,Kalathos,0.01938006472150082,0.017238450621137675
/Kalathos/Kalathos19.obj,Kalathos,0.01861010264510556,0.016766171460833243
/Kalathos/Kalathos22.obj,Kalathos,0.01901862762190065,0.01719458069121424
/Kalathos/Kalathos9.obj,Kalathos,0.018949784364905697,0.016719226753399687
/Kalathos/ST.obj,Kalathos,0.01030283566433222,0.02430645616211078
/Kalathos/Kalathos20.obj,Kalathos,0.018700680630434636,0.017468896060377544
/Kalathos/Kalathos36.obj,Kalathos,0.018761370376603134,0.01740069746501639
/Kalathos/Kalathos28.obj,Kalathos,0.01908168999717173,0.016520743195023554
/Kalathos/Kalathos8.obj,Kalathos,0.01868310607438881,0.017449753769427166
/Kalathos/Kalathos46.obj,Kalathos,0.018621754796874567,0.016974834063767555
/Kalathos/Kalathos14.obj,Kalathos,0.018499658894612928,0.01871899898580736
/Kalathos/Kalathos43.obj,Kalathos,0.018632661961138778,0.017750445214221613
/Kalathos/Kalathos1.obj,Kalathos,0.01853167893272326,0.017334446634947574
/Kalathos/Kalathos3.obj,Kalathos,0.019003281964557146,0.017560522073204278
/Kalathos/Kalathos13.obj,Kalathos,0.018794340450762566,0.01762525579645445
/Kalathos/Kalathos31.obj,Kalathos,0.01882382907235701,0.017185371291136193
/Kalathos/Kalathos38.obj,Kalathos,0.08007910204539494,0.033792422858971966
/Kalathos/Kalathos17.obj,Kalathos,0.01903594331607521,0.016113027430735925
/Kalathos/Kalathos23.obj,Kalathos,0.018879668128470486,0.016639686302458108
/Kalathos/Kalathos24.obj,Kalathos,0.008359529383822149,0.024490479324062592
/Kalathos/Y2531_POTTERY4.obj,Kalathos,0.01855294278821074,0.022091381498923646
/Kalathos/Kalathos12.obj,Kalathos,0.019222842275150673,0.01716866905319731
/Kalathos/Kalathos50.obj,Kalathos,0.019188587049300612,0.01649461717111794
/Kalathos/Kalathos34.obj,Kalathos,0.04373875435427868,0.03193594026874906
/Krater/London F 272.obj,Krater,0.004854097690002159,0.02336838891459094
/Krater/London F 271.obj,Krater,0.006248047062578195,0.02073626057997033
/Krater/London 1899-2-19-1.obj,Krater,0.007698495079606874,0.023039154586861146
/Krater/London F 157.obj,Krater,0.006198990670727775,0.02122905393243933
/Krater/London 1978-6-15-1.obj,Krater,0.006693130062663352,0.027714476330605874
/Krater/London E 466.obj,Krater,0.0014398003580700063,0.02290988897684247
/Krater/m542.obj,Krater,0.01718331356759861,0.023792556839379836
/Krater/vase26.obj,Krater,0.03589119003194873,0.019613172332328274
/Krater/London 1923-10-16-10.obj,Krater,0.014844601304299373,0.017675952443124535
/Krater/London F 174.obj,Krater,0.002261477598761106,0.029714740144066196
/Krater/London F 284.obj,Krater,0.0013141199744560123,0.02453535086469679
/Krater/London 1917-12-10-1.obj,Krater,0.004806034721296493,0.02200830374283212
/Krater/world.obj,Krater,0.004670038134251608,0.022016124870372366
/Krater/London 1961-7-10-1.obj,Krater,0.004308414845203396,0.02383412408539261
/Krater/London F 189.obj,Krater,0.0020021343300864296,0.02512252628041554
/Krater/London 1947-7-14-18.obj,Krater,0.007997489770421138,0.022017707970522247
/Krater/London 1923-1-18-1.obj,Krater,0.0013693946671090155,0.023849413679132184
/Lydion/Ionian_lydion_MAR_Palermo_NI1779.obj,Lydion,0.005051954160250242,0.018948178191285022
/Lagynos/qpvase5.obj,Lagynos,0.006742408678251306,0.024789167942344602
/Mug/00110054.obj,Mug,0.000947924662115658,0.020865783708160668
/Pelike/London E 439.obj,Pelike,0.004999980774641941,0.026759022084480267
/Pelike/Peleki_hole.obj,Pelike,0.00292455160122593,0.03157280297393508
/Pelike/London E 437.obj,Pelike,0.005830603523123236,0.031279458530683896
/Pelike/London E 424.obj,Pelike,0.0015833626577702498,0.021465461295120832
/Pelike/5DSOM_clay_vases_1.obj,Pelike,0.004039897224022106,0.02787356590918835
/Pelike/London E 410.obj,Pelike,0.006189641874505499,0.02076738273064935
/Pelike/London E 363.obj,Pelike,0.005977496348823628,0.0234735573621209
/Pelike/Judgement_Paris_Getty_Villa_83AE10_full.obj,Pelike,0.006307657311082685,0.02374487750776674
/Pelike/London E 432.obj,Pelike,0.0015960571773565272,0.02119945724043138
/Pelike/London E 370.obj,Pelike,0.005811544887745106,0.02213460783809198
/Pelike/London E 382.obj,Pelike,0.003638848274147916,0.02420783801214695
/Pelike/London E 372.obj,Pelike,0.005968122886932444,0.02366266348472882
/Native American - Jar/Ark_HM_444_HI.obj,Native American - Jar,0.01825147834249013,0.02552410338661718
/Native American - Jar/Ark_HM_755_HI.obj,Native American - Jar,0.014042863475358422,0.026635062872413056
/Native American - Jar/Ark_HM_55_Hi.obj,Native American - Jar,0.013500603354010914,0.029835503321187895
/Native American - Jar/Ark_HM_518_HI.obj,Native American - Jar,0.013287732440655453,0.02907405452183007
/Native American - Jar/Ark_HM_33_HI.obj,Native American - Jar,0.014117021320484775,0.03116567262655363
/Dinos/London 1899-7-21-5.obj,Dinos,0.01679286614278323,0.015377103492030416
/Dinos/London 1971-11-1-1.obj,Dinos,0.0020777401057113167,0.015465326883596867
/Amphora/London B 226.obj,Amphora,0.0029209086724536924,0.01970571757430429
/Amphora/London B 174.obj,Amphora,0.004928263593123337,0.02010253298154226
/Amphora/Amphora30.obj,Amphora,0.008684235831863554,0.020835415106041554
/Amphora/London B 163.obj,Amphora,0.005077590946019089,0.020038121553745684
/Amphora/Amphora19.obj,Amphora,0.009007344866642989,0.022946087521409225
/Amphora/Amphora9.obj,Amphora,0.008648461093643745,0.021069031190827082
/Amphora/mouseioc.obj,Amphora,0.018332127992896272,0.028042158767772205
/Amphora/Amphora2.obj,Amphora,0.008679567136155548,0.02176782853987045
/Amphora/Glassn3.obj,Amphora,0.001756643953598945,0.019567298715092468
/Amphora/Amphora41.obj,Amphora,0.008858333161519917,0.022545210970340457
/Amphora/London B 161.obj,Amphora,0.004820281544976182,0.0195994991006777
/Amphora/potteint.obj,Amphora,0.00336809060173223,0.0312041749365519
/Amphora/Louvre_amphorisque_animaux_sirenes.obj,Amphora,0.0038279159235623853,0.022688219916060553
/Amphora/London B 280.obj,Amphora,0.0027396886258898748,0.020398740842566328
/Amphora/Amphora27.obj,Amphora,0.008821372806327816,0.022041788189841833
/Amphora/London B 605.obj,Amphora,0.011979084206830585,0.013884525070905174
/Amphora/Amphora5.obj,Amphora,0.00889140462500833,0.02217581219579941
/Amphora/London F 179.obj,Amphora,0.005751241683926651,0.024305078111476582
/Amphora/Amphora13.obj,Amphora,0.008878950261037622,0.02198106186450231
/Amphora/Amphora14.obj,Amphora,0.008658152867305676,0.022075552462114127
/Amphora/Vase_Google_sketch_1.obj,Amphora,0.00894887568988816,0.020764414356404474
/Amphora/Amphora3.obj,Amphora,0.008469679469137648,0.021203821542391792
/Amphora/Amphora32.obj,Amphora,0.00886237538890625,0.02251857122632489
/Amphora/London B 130.obj,Amphora,0.003976128860124323,0.019733354394054433
/Amphora/London E 270.obj,Amphora,0.003844461902920954,0.020673602344306638
/Amphora/Nikosthenic_amphora.obj,Amphora,0.0051546257451165365,0.02213157034690123
/Amphora/melanomorfos amforeas.obj,Amphora,0.002876061625170383,0.021942687909305102
/Amphora/Amphora38.obj,Amphora,0.009007857205974733,0.021806975075902475
/Amphora/London B 610.obj,Amphora,0.005194075554992062,0.02068449509702478
/Amphora/Amphora7.obj,Amphora,0.008458473660679932,0.020338189253823122
/Amphora/London B 193.obj,Amphora,0.004981547416282445,0.02032672804400482
/Amphora/Amphora36.obj,Amphora,0.008628008088457097,0.02087781929556863
/Amphora/Amphora11.obj,Amphora,0.008921992299143647,0.022622835567135992
/Amphora/amphora_25k.obj,Amphora,0.000718247453779312,0.021110629396948903
/Amphora/London B 144.obj,Amphora,0.004162864558202483,0.02099270941502016
/Amphora/Amphora17.obj,Amphora,0.008745987104900328,0.022414546117750577
/Amphora/London B 215.obj,Amphora,0.0037986898756572985,0.020025442094128983
/Amphora/Amphora15.obj,Amphora,0.004202308741804002,0.017086869658180088
/Amphora/Amphora10.obj,Amphora,0.029300606092977317,0.029332863831598308
/Amphora/Amphora37.obj,Amphora,0.008862817350146381,0.020543405262543817
/Amphora/Amphora49.obj,Amphora,0.008648461093643745,0.021069031190827082
/Amphora/Amphora12.obj,Amphora,0.005835783568308019,0.018542767669480743
/Amphora/London F 194.obj,Amphora,0.0016968935849294038,0.020087725292210146
/Amphora/Amphora26.obj,Amphora,0.00819024852938842,0.018130291195553743
/Amphora/Amphora39.obj,Amphora,0.008367836765055639,0.019802668431281194
/Amphora/amforeas_hole.obj,Amphora,0.001675696668715799,0.021438331134277584
/Amphora/Amphora43.obj,Amphora,0.008734387565301885,0.02183663750665261
/Amphora/London E 284.obj,Amphora,0.0054385740952194415,0.02206479112100796
/Amphora/897_vcg-amphora_simplified.obj,Amphora,0.002859694127829264,0.021847720750868625
/Amphora/London B 607.obj,Amphora,0.005108172042973513,0.020762040294106353
/Amphora/London E 266.obj,Amphora,0.005336034622765198,0.02035281137635804
/Amphora/Vase_Google_sketch_2.obj,Amphora,0.005771720067577756,0.018373974153712936
/Amphora/Amphora18.obj,Amphora,0.004033920695330514,0.018001996524645684
/Amphora/Amphora33.obj,Amphora,0.008883221907232544,0.021115082943552327
/Amphora/London B 134.obj,Amphora,0.003481170263404826,0.019844740189463944
/Amphora/Amphora6.obj,Amphora,0.009088588698013912,0.02281276251781772
/Amphora/London F 197.obj,Amphora,0.005313221127238226,0.020730969701938568
/Amphora/London E 271.obj,Amphora,0.005439921746806218,0.021336082580444758
/Amphora/Amphora20.obj,Amphora,0.008339048788772912,0.020675717118076625
/Amphora/Amphora42.obj,Amphora,0.008570286200661649,0.01918030247272468
/Amphora/Amphora46.obj,Amphora,0.009088588698013912,0.02281276251781772
/Amphora/vase27.obj,Amphora,0.008974418250577326,0.015513623754148298
/Amphora/Amphora25.obj,Amphora,0.00895870502538794,0.02221638992391039
/Amphora/Amphora23.obj,Amphora,0.008795132066711182,0.020730506308395766
/Amphora/Amphora31.obj,Amphora,0.008907698177702802,0.020094100173141793
/Amphora/Amphora35.obj,Amphora,0.008638242095465888,0.021010578483911843
/Amphora/urn.obj,Amphora,0.008992863870141131,0.015516453250560176
/Amphora/Amphora50.obj,Amphora,0.004234459803673523,0.016493216799572222
/Amphora/London E 258.obj,Amphora,0.00442850056231519,0.020514282167369554
/Amphora/Amphora47.obj,Amphora,0.008458473660679932,0.020338189253823122
/Amphora/Amphora4.obj,Amphora,0.008914510822380381,0.02264064109330076
/Amphora/Amphora48.obj,Amphora,0.008800192972418614,0.022318667197500596
/Amphora/Amphora45.obj,Amphora,0.008327589315119416,0.019957203222930438
/Amphora/Amphora22.obj,Amphora,0.009153853031952392,0.02261731320583441
/Amphora/Athena_Herakles.obj,Amphora,0.006889454210581728,0.02256320409223665
/Amphora/Amphora1.obj,Amphora,0.004213985795821858,0.017537780600574714
/Amphora/Amphora29.obj,Amphora,0.00825131754115817,0.020407257716945085
/Amphora/London B 148.obj,Amphora,0.004586389864752991,0.02078172478229332
/Amphora/Amphora24.obj,Amphora,0.009372820302799807,0.02102341652775165
/Amphora/ch6793s.obj,Amphora,0.009164306959887267,0.024286110679207003
/Amphora/Amphora8.obj,Amphora,0.008800192972418614,0.022318667197500596
/Amphora/Amphora34.obj,Amphora,0.008596324369871497,0.020535571737678688
/Amphora/ch658s.obj,Amphora,0.007474221143366564,0.0183890827686615
/Amphora/Amphora16.obj,Amphora,0.008384334735124779,0.019930181780762283
/Amphora/mavro.obj,Amphora,0.002257592699320006,0.023137603463467455
/Amphora/amphorainprogress.obj,Amphora,0.001414060252035949,0.018248337048734173
/Amphora/London E 255.obj,Amphora,0.004878340272994556,0.020614850659563397
/Amphora/Amphora21.obj,Amphora,0.009044139176443703,0.02219028129598874
/Amphora/London B 210.obj,Amphora,0.003923866725130623,0.01902356586267057
/Amphora/Amphora40.obj,Amphora,0.009018746328471909,0.022718956810933603
/Amphora/London B 150.obj,Amphora,0.005410225212127764,0.019220816674543253
/Amphora/Archive3D_Amfora-antic-i.obj,Amphora,0.001455681857223995,0.01798487738494801
/Amphora/ch6818as.obj,Amphora,0.003043979067061879,0.018240238792324955
/Amphora/Amphora28.obj,Amphora,0.00856363571274484,0.0210829216411082
/Amphora/Amphora44.obj,Amphora,0.00895145278861473,0.022942928187325375
/Amphora/Y7091_Urn-1.obj,Amphora,0.014194678308561894,0.023111528565436603
/Other/London E 336.obj,Other,0.004974169581792064,0.020300063283909833
/Other/Y8971_flask.obj,Other,0.030883075656681157,0.01800912839499665
/Other/Vase 02_2.obj,Other,0.0019650465236756274,0.020811352377431806
/Other/London 1903-2-17-1.obj,Other,0.004884978822595194,0.022614357069831614
/Other/TSI_ENST_FR_Cp_vase_1302_lr.obj,Other,0.014048211235191945,0.027098023542133073
/Other/Decoration vase.obj,Other,0.00039961625249766843,0.014180942328278904
/Other/London F 473.obj,Other,0.0065974344460723615,0.0435102467006205
/Other/CeramicTechnologies_nkldweb.obj,Other,0.013410774016014215,0.022064407342433083
/Other/Archive3D_Vase 2 N220708.obj,Other,0.041798071646490284,0.01727540974557936
/Other/vase14.obj,Other,0.01116888714701671,0.02456250982538019
/Other/Y316_FINIALBL.obj,Other,0.0053981080571680025,0.015396379065075778
/Other/qp94.obj,Other,0.005103539372889764,0.014565833958103097
/Other/m540.obj,Other,0.02599469529453872,0.026501415815681804
/Other/CeramicTechnologies_lundmrgall.obj,Other,0.018289902896990614,0.019703707868832538
/Other/Various1.obj,Other,0.02092387541982344,0.01619135422061624
/Other/London 1914-10-30-1.obj,Other,0.0057047373298104295,0.02009577151346143
/Other/tutu_1.obj,Other,0.0027997183742504797,0.016124558961539148
/Other/London 1897-7-27-2.obj,Other,0.005620699609167446,0.020964526652455406
/Other/pots_4.obj,Other,0.0006073444730209839,0.00881053725949139
/Other/Coventry Iron Planter.obj,Other,0.01943422961963957,0.015006157184680643
/Other/hg.obj,Other,0.0047262307708310445,0.011857909579839709
/Other/Archive3D_vase_persianis.obj,Other,0.0018271469557209704,0.014133155766715722
/Other/BATUR P 55.obj,Other,0.009678384027736818,0.014717464172177296
/Other/znbh_2.obj,Other,0.01011705352019249,0.03282211759216282
/Other/Strainer_Vase_Herakles_Louvre.obj,Other,0.004381003358486136,0.02508056505442172
/Other/Y7071_jar-4.obj,Other,0.006565894088559466,0.015644758655865582
/Other/Y5746_KUROS.obj,Other,0.007819406269265012,0.017106788654577782
/Other/Vase2.obj,Other,0.010725185277100096,0.012100490107261348
/Other/TSI_ENST_FR_Cp_botijo_mix_mr.obj,Other,0.012256499678099338,0.02091738503946314
/Other/qpvase4.obj,Other,0.001882539346791704,0.020782611827574203
/Other/London 1917-7-25-2.obj,Other,0.018755500756945095,0.016286967050542323
/Other/London F 90_2.obj,Other,0.019613526803824215,0.029975191923564473
/Other/vase2 render.obj,Other,0.003573394227116292,0.015768899820603963
/Other/qp97.obj,Other,0.005618500825605123,0.013537059211800876
/Other/London F 65.obj,Other,0.007709546623746499,0.032307202554288525
/Other/London F 68.obj,Other,0.006165966160232218,0.021367294223933513
/Other/Vase29.obj,Other,0.014355794140545032,0.02460657086755318
/Other/RS-15.obj,Other,0.005964575202710231,0.012154641641285676
/Other/vase_round.obj,Other,0.009658222501278263,0.014605426734728326
/Other/TSI_ENST_FR_Cp_vase_1289_mr.obj,Other,0.014036055682206137,0.02776262152048502
/Other/CeramicTechnologies_nndrfweb.obj,Other,0.019991533540128354,0.021037425815993858
/Other/an old vase.obj,Other,0.003928289474618188,0.021359303209804757
/Other/qp93.obj,Other,0.005634043519794705,0.0129087012775636
/Other/08 Dune Series Trash Receptacle DS-TR.obj,Other,0.015390667606140813,0.034200844089598274
/Other/CeramicTechnologies_dmbkweb.obj,Other,0.0017284812254972437,0.021538807903748736
/Other/olla.obj,Other,0.0016504673030711856,0.01762500377408726
/Other/Saucepan01.obj,Other,0.005041190261352657,0.024597390169785387
/Other/Glassn10.obj,Other,0.003911287417096575,0.015284330331517937
/Other/London E 768.obj,Other,0.012098239331891874,0.015147431410303815
/Other/London E 313.obj,Other,0.005329684891742348,0.0219683585040801
/Other/vase7.obj,Other,0.04532896095014049,0.02055604644657672
/Other/London E 698.obj,Other,0.003709496443105936,0.02064982055586737
/Other/London 1928-7-19-3.obj,Other,0.006140475391909087,0.034790346220613846
/Other/Y7063_caldren.obj,Other,0.004570083654428495,0.0142084616967122
/Other/Y2118_JAR93.obj,Other,0.006146359923737346,0.01612525892605264
/Other/London E 695.obj,Other,0.008563225495792982,0.021347791108213277
/Other/diskopotiro.obj,Other,0.0005734297818678774,0.015371013568235782
/Other/m533.obj,Other,0.12571724390411967,0.043241533003892635
/Other/ceramica_utilitaria_missioneira_a.obj,Other,0.021909839381538856,0.017902309460198676
/Other/RS-21[1].obj,Other,0.0031980697897598686,0.014258786799582627
/Other/London 1980-10-29-1.obj,Other,0.0055347019283074825,0.024273651491637623
/Other/CeramicTechnologies_gr_radweb.obj,Other,0.0008544394960447148,0.021996421000086804
/Other/Y1374_JAR93.obj,Other,0.006402536388884899,0.015996207608317253
/Other/Sketch_6.obj,Other,0.04305078786541779,0.028411584514824527
/Other/Ark_HM_520_HI.obj,Other,0.013711750386650404,0.026689387048087786
/Other/benjarong 01.obj,Other,0.019496152391186412,0.015713190670235095
/Other/qp91.obj,Other,0.004923675543591368,0.013075075126603247
/Other/CeramicTechnologies_dmbkweb2.obj,Other,0.013504674946859118,0.025990313896337016
/Other/qp96.obj,Other,0.006156906060710343,0.013131247225147386
/Other/London F 303.obj,Other,0.0009674990714052493,0.01453349435287793
/Other/moirodoxio.obj,Other,0.0024221689368423348,0.023619007432546517
/Other/Sin.obj,Other,0.004656081225897385,0.014326838749496177
/Other/CeramicTechnologies_gr_zstrwweb.obj,Other,0.031457046085757105,0.027990442547822778
/Other/Y302_FLASK_GR.obj,Other,0.03258679195324519,0.017797876875281733
/Other/London 1964-4-15-1.obj,Other,0.005412657428820637,0.02242963847776475
/Other/Untitled.obj,Other,0.009271355309545688,0.01468935819253449
/Other/qp95.obj,Other,0.005309863684512673,0.0122932450986796
/Other/greekgeometric.obj,Other,0.010988324123473107,0.015034437499942582
/Other/TSI_ENST_FR_Cp_vase_1_vam_mr.obj,Other,0.013052954775769019,0.030703874099520526
/Other/qp92.obj,Other,0.007079128325818946,0.014660288237132517
/Other/qp98.obj,Other,0.005849081855686216,0.013239898303296766
/Other/Pot.obj,Other,0.0415139372015728,0.025632529902573482
/Other/Ancient Rome_Equip_Cooking pot.obj,Other,0.00199377316517719,0.009335173760975451
/Other/TSI_ENST_FR_Cp_vase_1299_mr.obj,Other,0.014339524588935688,0.026016862069825796
/Other/TSI_ENST_FR_Cp_vase_1300_mr.obj,Other,0.014531678149593922,0.02579184442010705
/Other/Y7062_candlestick.obj,Other,0.0020186414576373476,0.012730847772979496
/Other/qp99.obj,Other,0.004795984503354262,0.01363616416089851
/Other/London E 808.obj,Other,0.02892229253122542,0.015576734945523115
/Other/benjarong 02.obj,Other,0.0164300298581718,0.01641021824354673
/Other/perfumevaze.obj,Other,0.0027468346855589036,0.018643839733805824
/Other/ch6834s.obj,Other,0.009430657461272744,0.017488671265056727
/Other/London E 697.obj,Other,0.007408888913486165,0.019590889545924025
/Kylix/London E 65.obj,Kylix,0.01643209302244631,0.013528390514073337
/Kylix/London B 421.obj,Kylix,0.00904138726892494,0.023200349585549528
/Kylix/London B 380.obj,Kylix,0.00904138726892494,0.023200349585549528
/Kylix/London E 23.obj,Kylix,0.00904138726892494,0.023200349585549528
/Kylix/London E 34.obj,Kylix,0.00904138726892494,0.023200349585549528
/Kylix/London B 424.obj,Kylix,0.006333514166200924,0.030444134250355193
/Kylix/London E 134-2.obj,Kylix,0.008914090847122892,0.02252449449616433
/Kylix/London E 104.obj,Kylix,0.01643209302244631,0.013528390514073337
/Kylix/London E 38.obj,Kylix,0.00904138726892494,0.023200349585549528
/Kylix/London D 4.obj,Kylix,0.008843983207441104,0.023421936743242784
/Kylix/London E 44.obj,Kylix,0.01643209302244631,0.013528390514073337
/Kylix/London E 41.obj,Kylix,0.00904138726892494,0.023200349585549528
/Kylix/London 1901-5-14-1.obj,Kylix,0.004936362334718225,0.02897144955285575
/Kylix/London E 129.obj,Kylix,0.028816623851403794,0.03302920550589251
/Kylix/London D 6.obj,Kylix,0.00465907085730485,0.028443514567755752
/Kylix/London E 66.obj,Kylix,0.01643209302244631,0.013528390514073337
/Kylix/London B 432.obj,Kylix,0.01643209302244631,0.013528390514073337
/Kylix/London E 3.obj,Kylix,0.008773015347062919,0.023287316569110747
/Kylix/London K 38.obj,Kylix,0.023379540639551354,0.01467634040512272
/Kylix/London D 2.obj,Kylix,0.01643209302244631,0.013528390514073337
/Hydria/London 1899-7-21-4.obj,Hydria,0.0054265778122891,0.02947850470053949
/Hydria/London F 90_5.obj,Hydria,0.006225995658909211,0.023416706995691115
/Hydria/London E 159.obj,Hydria,0.0006158513877749013,0.01915798717056116
/Hydria/London E 190.obj,Hydria,0.005556687389929836,0.023136936401403397
/Hydria/London E 241.obj,Hydria,0.00581652370245251,0.023154961069733367
/Hydria/London B 364.obj,Hydria,0.005958826607685112,0.022993052318191175
/Hydria/London E 163.obj,Hydria,0.0051060784749608155,0.019047822611602754
/Hydria/London E 178.obj,Hydria,0.0006625334068967392,0.025385099925627538
/Hydria/London B 329.obj,Hydria,0.00603435659062976,0.02238553497802648
/Hydria/London B 304.obj,Hydria,0.0060232838320582165,0.022840143254057758
/Hydria/London E 224.obj,Hydria,0.005234329051433324,0.021836863268452474
/Hydria/London E 219.obj,Hydria,0.005338295570002906,0.021547783483597968
/Hydria/London E 180.obj,Hydria,0.005815082050812178,0.027395791475659226
/Hydria/London E 171.obj,Hydria,0.005238491325803976,0.022290352824753598
/Hydria/Tefrodoxh.obj,Hydria,0.0015637698003845755,0.023789085832687566
/Hydria/London F 159.obj,Hydria,0.0024031340839229544,0.022150355644843363
/Hydria/London E 169.obj,Hydria,0.005461588490583429,0.01896795058331308
/Hydria/Ydria_hole.obj,Hydria,0.002682975593822461,0.028452514870142945
/Hydria/London B 300.obj,Hydria,0.005887206268691658,0.023061592790915502
/Hydria/London E 233.obj,Hydria,0.0005201165469539623,0.01974376061669205
/Hydria/London B 323.obj,Hydria,0.006058816432454412,0.022866125325342903
/Hydria/London E 222.obj,Hydria,0.004937666402977748,0.025211310602640168
/Hydria/London F 90_1.obj,Hydria,0.005911123726397327,0.024048252322602184
/Hydria/London B 76.obj,Hydria,0.005369542909204377,0.023589196418001255
/Hydria/London B 327.obj,Hydria,0.006132787044394969,0.022330480481023325
/Hydria/London E 162.obj,Hydria,0.004382739988056883,0.024271487833031298
/Kantharos/TSI_ENST_FR_Cp_vase_1286_mr.obj,Kantharos,0.01421712801170451,0.030305044693681695
/Kantharos/kantharos.obj,Kantharos,0.0067977771435602415,0.02913726077363778
/Kantharos/London E 157.obj,Kantharos,0.0046701801570339105,0.033613535055071586
/Aryballos/Protocorinthian_aryballos_Louvre_CA2919.obj,Aryballos,0.00976560946218325,0.02247073254886925
/Pyxis/London E 774.obj,Pyxis,0.004167114770423352,0.015323780779626874
/Pyxis/Pyxis_Peleus_Thetis_Louvre_L55.obj,Pyxis,0.01032207208773155,0.017087557921033995
/Pyxis/London 1920-12-21-1.obj,Pyxis,0.008737582328006565,0.014297499408848188
/Pyxis/London E 773.obj,Pyxis,0.0021525517772387525,0.013565218378195939
/Pyxis/London E 772.obj,Pyxis,0.007947959494518849,0.014137247190078705
/Pyxis/London E 775.obj,Pyxis,0.0021525517772387525,0.013565218378195939
/Picher Shaped/Thassos_Vaze_4.obj,Picher Shaped,0.0026622158980134088,0.02041926983708035
/Picher Shaped/qp102.obj,Picher Shaped,0.006465611048036581,0.013887053447286858
/Picher Shaped/tutu_53.obj,Picher Shaped,0.012127520975833275,0.014606249973868925
/Picher Shaped/gardenvase_b.obj,Picher Shaped,0.010903425997049177,0.014817715786108347
/Picher Shaped/Vase_Earthenware_SLF.obj,Picher Shaped,0.010454668197465693,0.015315782529234922
/Picher Shaped/qp103.obj,Picher Shaped,0.005678890361474699,0.013893247897720097
/Picher Shaped/tutu_5.obj,Picher Shaped,0.01096501204138279,0.014374607675997202
/Picher Shaped/NickNacks_b.obj,Picher Shaped,0.005697244946782277,0.02130502534392614
/Picher Shaped/qp110.obj,Picher Shaped,0.006437870535065747,0.012998433362542352
/Picher Shaped/qp109.obj,Picher Shaped,0.006053852561385603,0.012469621792131827
/Picher Shaped/vase3.obj,Picher Shaped,0.008153984112573084,0.012094059060890344
/Picher Shaped/v1.obj,Picher Shaped,0.010391599200033928,0.016428049045239573
/Picher Shaped/qp108.obj,Picher Shaped,0.0055607023692136335,0.012822604434632496
/Picher Shaped/Thassos_Vaze_3.obj,Picher Shaped,0.002520008382875003,0.017945487016196807
/Picher Shaped/tutu_55.obj,Picher Shaped,0.01096501204138279,0.014374607675997202
/Picher Shaped/qp100.obj,Picher Shaped,0.005592805538123002,0.01445184962955
/Picher Shaped/vase10.obj,Picher Shaped,0.00398384525032672,0.01123214924666398
/Picher Shaped/qp106.obj,Picher Shaped,0.0060228573452106565,0.013843544629604984
/Picher Shaped/qp101.obj,Picher Shaped,0.005160788923104219,0.013210094029079925
/Picher Shaped/qp107.obj,Picher Shaped,0.006194677902538494,0.013840438132370021
/Picher Shaped/tutu_7.obj,Picher Shaped,0.012127520975833275,0.014606249973868925
/Picher Shaped/Thassos_Vase_1.obj,Picher Shaped,0.002289011044627023,0.019464473414167415
/Picher Shaped/qp104.obj,Picher Shaped,0.005518505348382176,0.013213998345437359
/Picher Shaped/CeramicTechnologies_wlgstweb.obj,Picher Shaped,0.018349248461856225,0.02319102681312605
/Picher Shaped/Thassos_Vaze_2.obj,Picher Shaped,0.0028070102224820983,0.021449233547058535
/Picher Shaped/qp105.obj,Picher Shaped,0.006005097976728102,0.013251373732959842
